agney,2024-05-03 14:39:31.285377,1
akash,2024-05-03 14:39:31.628221,1
akash,2024-05-03 14:39:31.928259,1
akash,2024-05-03 14:39:32.280286,1
akash,2024-05-03 14:39:32.642339,1
akash,2024-05-03 14:39:32.959709,1
akash,2024-05-03 14:39:33.276751,1
akash,2024-05-03 14:39:33.642746,1
akash,2024-05-03 14:39:34.121390,1
akash,2024-05-03 14:39:34.612086,1
akash,2024-05-03 14:39:35.055067,1
akash,2024-05-03 14:39:35.572249,1
akash,2024-05-03 14:39:35.883020,1
akash,2024-05-03 14:39:36.230429,1
akash,2024-05-03 14:39:36.631056,1
akash,2024-05-03 14:39:37.066410,1
shizin,2024-05-03 14:39:37.582331,1
akash,2024-05-03 14:39:38.091370,1
akash,2024-05-03 14:39:38.587395,1
akash,2024-05-03 14:39:39.081190,1
akash,2024-05-03 14:39:39.517670,1
akash,2024-05-03 14:39:39.987182,1
akash,2024-05-03 14:39:40.395057,1
akash,2024-05-03 14:39:41.067355,1
akash,2024-05-03 14:39:41.527340,1
akash,2024-05-03 14:39:41.872627,1
akash,2024-05-03 14:39:42.360963,1
alen,2024-05-03 14:39:42.439862,1
akash,2024-05-03 15:01:23.669779,1
akash,2024-05-03 15:01:24.043732,1
akash,2024-05-03 15:01:24.339351,1
akash,2024-05-03 15:01:24.641079,1
akash,2024-05-03 15:01:24.938613,1
akash,2024-05-03 15:01:25.282348,1
akash,2024-05-03 15:01:25.573015,1
akash,2024-05-03 15:01:25.853175,1
akash,2024-05-03 15:01:26.205332,1
akash,2024-05-03 15:01:26.729962,1
akash,2024-05-03 15:01:27.153748,1
akash,2024-05-03 15:01:27.671152,1
akash,2024-05-03 15:01:28.190615,1
akash,2024-05-03 15:01:28.593438,1
akash,2024-05-03 15:01:28.995772,1
akash,2024-05-03 15:01:29.376259,1
akash,2024-05-03 15:01:29.851139,1
akash,2024-05-03 15:01:30.392779,1
akash,2024-05-03 15:01:30.799602,1
akash,2024-05-03 15:01:31.335165,1
akash,2024-05-03 15:01:31.859871,1
akash,2024-05-03 15:01:32.358126,1
akash,2024-05-03 15:02:01.856313,1
akash,2024-05-03 15:02:02.182651,1
akash,2024-05-03 15:02:02.474353,1
akash,2024-05-03 15:02:02.759203,1
akash,2024-05-03 15:03:03.202814,1
akash,2024-05-03 15:03:03.515109,1
akash,2024-05-03 15:03:04.444654,1
akash,2024-05-03 15:03:04.712059,1
akash,2024-05-03 15:03:05.004737,1
akash,2024-05-03 15:03:05.290506,1
akash,2024-05-03 15:03:06.706244,1
akash,2024-05-03 15:03:07.627338,1
akash,2024-05-03 15:03:08.159642,1
akash,2024-05-03 15:03:08.434580,1
akash,2024-05-03 15:03:08.715733,1
alen,2024-05-03 15:03:08.778541,1
akash,2024-05-03 15:03:09.111387,1
akash,2024-05-03 15:03:09.430389,1
akash,2024-05-03 15:03:09.774467,1
akash,2024-05-03 15:03:10.042721,1
akash,2024-05-03 15:03:10.355991,1
akash,2024-05-03 15:03:10.792041,1
akash,2024-05-03 15:03:11.358554,1
akash,2024-05-03 15:03:11.742406,1
akash,2024-05-03 15:03:12.260234,1
akash,2024-05-03 15:03:12.755045,1
akash,2024-05-03 15:03:13.313325,1
akash,2024-05-03 15:03:14.060419,1
akash,2024-05-03 15:04:53.083745,1
akash,2024-05-03 15:04:53.415491,1
akash,2024-05-03 15:04:53.677208,1
akash,2024-05-03 15:04:53.942773,1
akash,2024-05-03 15:04:54.224269,1
akash,2024-05-03 15:04:54.512296,1
akash,2024-05-03 15:04:54.790437,1
akash,2024-05-03 15:04:55.072845,1
akash,2024-05-03 15:04:55.409053,1
akash,2024-05-03 15:04:55.725796,1
akash,2024-05-03 15:04:56.040703,1
akash,2024-05-03 15:04:56.319938,1
akash,2024-05-03 15:04:56.618861,1
akash,2024-05-03 15:04:56.885727,1
akash,2024-05-03 15:04:57.324851,1
akash,2024-05-03 15:04:57.703408,1
akash,2024-05-03 15:04:58.146410,1
akash,2024-05-03 15:04:58.564352,1
akash,2024-05-03 15:04:59.044450,1
akash,2024-05-03 15:04:59.470538,1
akash,2024-05-03 15:04:59.794368,1
akash,2024-05-03 15:05:00.239044,1
akash,2024-05-03 15:05:00.670104,1
akash,2024-05-03 15:05:01.067949,1
akash,2024-05-03 15:05:01.461951,1
akash,2024-05-03 15:05:02.014061,1
akash,2024-05-03 15:05:02.457339,1
akash,2024-05-03 15:05:03.325906,1
akash,2024-05-03 15:05:03.800498,1
akash,2024-05-03 15:05:04.371712,1
akash,2024-05-03 15:05:04.872263,1
akash,2024-05-03 15:48:25.201406,1
akash,2024-05-03 15:48:25.484723,1
akash,2024-05-03 15:48:25.773709,1
agney,2024-05-03 15:48:26.041569,1
akash,2024-05-03 15:48:26.304688,1
akash,2024-05-03 15:48:26.575644,1
akash,2024-05-03 15:48:26.844735,1
akash,2024-05-03 15:48:27.102520,1
akash,2024-05-03 15:48:27.381230,1
akash,2024-05-03 15:48:27.838643,1
akash,2024-05-03 15:48:28.244176,1
akash,2024-05-03 15:48:28.583710,1
akash,2024-05-03 15:48:28.952038,1
akash,2024-05-03 15:48:29.478872,1
akash,2024-05-03 15:48:29.883230,1
akash,2024-05-03 15:48:30.361628,1
akash,2024-05-03 15:48:30.962995,1
akash,2024-05-03 15:48:31.486902,1
akash,2024-05-03 15:48:31.959119,1
akash,2024-05-03 15:48:32.403720,1
akash,2024-05-03 15:48:32.864735,1
akash,2024-05-03 15:48:33.385769,1
akash,2024-05-03 15:48:33.886309,1
akash,2024-05-03 15:48:34.404754,1
akash,2024-05-03 15:48:35.217303,1
akash,2024-05-03 15:48:35.720200,1
agney,2024-05-03 15:48:36.172823,1
agney,2024-05-03 15:48:36.542488,1
akash,2024-05-03 15:48:37.066370,1
akash,2024-05-03 15:48:37.495300,1
akash,2024-05-03 15:48:37.932831,1
akash,2024-05-03 15:48:38.450445,1
akash,2024-05-03 15:48:38.809617,1
akash,2024-05-03 15:48:39.240726,1
agney,2024-05-03 15:48:39.713226,1
agney,2024-05-03 15:48:41.311105,1
akash,2024-05-03 15:48:41.778754,1
akash,2024-05-03 15:48:42.264360,1
akash,2024-05-03 15:48:42.635768,1
akash,2024-05-03 15:48:43.003059,1
akash,2024-05-03 15:48:43.470269,1
akash,2024-05-03 15:48:43.962066,1
akash,2024-05-03 15:48:44.405302,1
akash,2024-05-03 15:48:44.879821,1
akash,2024-05-03 15:48:45.355067,1
akash,2024-05-03 15:48:45.874111,1
akash,2024-05-03 15:48:46.310238,1
akash,2024-05-03 15:48:46.717301,1
agney,2024-05-03 15:48:47.538966,1
agney,2024-05-03 15:48:48.207911,1
akash,2024-05-03 15:48:48.591319,1
akash,2024-05-03 15:48:49.086944,1
akash,2024-05-03 15:48:49.490441,1
akash,2024-05-03 15:48:49.905832,1
akash,2024-05-03 15:48:50.381826,1
alen,2024-05-03 15:48:51.229387,1
akash,2024-05-03 15:48:52.780104,1
alen,2024-05-03 15:48:56.725443,1
akash,2024-05-03 15:49:01.631306,1
akash,2024-05-03 15:50:43.902503,1
akash,2024-05-03 15:50:44.218740,1
akash,2024-05-03 15:50:44.497853,1
akash,2024-05-03 15:50:44.769299,1
akash,2024-05-03 15:50:45.073979,1
akash,2024-05-03 15:50:45.137935,1
akash,2024-05-03 15:50:45.420721,1
akash,2024-05-03 15:50:45.713723,1
akash,2024-05-03 15:50:45.989364,1
agney,2024-05-03 15:50:46.259954,1
akash,2024-05-03 15:50:46.526213,1
akash,2024-05-03 15:50:46.989816,1
agney,2024-05-03 15:50:47.490274,1
agney,2024-05-03 15:50:47.886452,1
akash,2024-05-03 15:50:48.405910,1
akash,2024-05-03 15:50:48.832489,1
akash,2024-05-03 15:50:49.262387,1
akash,2024-05-03 15:50:49.759666,1
akash,2024-05-03 15:50:50.260108,1
akash,2024-05-03 15:50:50.696219,1
akash,2024-05-03 15:50:51.247075,1
akash,2024-05-03 15:50:51.651808,1
akash,2024-05-03 15:50:52.070707,1
akash,2024-05-03 15:50:52.622095,1
akash,2024-05-03 15:50:53.165886,1
akash,2024-05-03 15:50:53.649121,1
akash,2024-05-03 15:50:54.039218,1
akash,2024-05-03 15:50:54.496190,1
akash,2024-05-03 15:50:55.029942,1
akash,2024-05-03 15:50:55.546476,1
akash,2024-05-03 15:50:58.432968,1
agney,2024-05-03 15:50:58.870228,1
akash,2024-05-03 15:55:12.744563,1
akash,2024-05-03 15:55:13.079432,1
akash,2024-05-03 15:55:13.385978,1
akash,2024-05-03 15:55:13.860984,1
akash,2024-05-03 15:55:14.147459,1
akash,2024-05-03 15:55:14.401455,1
akash,2024-05-03 15:55:14.651502,1
akash,2024-05-03 15:55:14.943376,1
akash,2024-05-03 15:55:15.231253,1
akash,2024-05-03 15:55:15.523786,1
akash,2024-05-03 15:55:15.773687,1
akash,2024-05-03 15:55:16.024665,1
akash,2024-05-03 15:55:16.291047,1
akash,2024-05-03 15:55:16.761693,1
akash,2024-05-03 15:55:17.287840,1
akash,2024-05-03 15:55:17.680926,1
agney,2024-05-03 15:55:18.235123,1
agney,2024-05-03 15:55:18.740648,1
akash,2024-05-03 15:55:19.195983,1
akash,2024-05-03 15:55:19.675053,1
akash,2024-05-03 15:55:20.197312,1
akash,2024-05-03 15:55:20.704426,1
akash,2024-05-03 15:55:21.200350,1
akash,2024-05-03 15:55:21.697532,1
akash,2024-05-03 15:55:22.212724,1
akash,2024-05-03 15:55:22.763874,1
akash,2024-05-03 15:55:23.234941,1
alen,2024-05-03 15:55:37.647127,1
alen,2024-05-03 15:55:38.001039,1
akash,2024-05-03 15:55:38.485354,1
akash,2024-05-03 15:55:38.883200,1
akash,2024-05-03 15:55:39.413159,1
akash,2024-05-03 15:55:39.884694,1
akash,2024-05-03 15:55:40.231034,1
akash,2024-05-03 15:55:40.623253,1
akash,2024-05-03 15:55:41.548040,1
akash,2024-05-03 15:55:41.907364,1
akash,2024-05-03 15:55:42.478495,1
akash,2024-05-03 15:55:42.981337,1
akash,2024-05-03 15:55:43.432598,1
akash,2024-05-03 15:55:43.753073,1
akash,2024-05-03 15:55:44.087717,1
akash,2024-05-03 15:55:44.533634,1
akash,2024-05-03 15:55:45.128320,1
akash,2024-05-03 15:55:45.517964,1
akash,2024-05-04 15:29:25.813673,1
akash,2024-05-04 15:29:26.099414,1
akash,2024-05-04 15:29:26.379674,1
akash,2024-05-04 15:29:26.662771,1
akash,2024-05-04 15:29:27.575935,1
akash,2024-05-04 15:29:27.875291,1
akash,2024-05-04 15:29:28.184397,1
akash,2024-05-04 15:29:28.644240,1
akash,2024-05-04 15:29:29.116388,1
akash,2024-05-04 15:29:29.639173,1
akash,2024-05-04 15:29:30.169352,1
akash,2024-05-04 15:29:30.630348,1
akash,2024-05-04 15:29:31.126572,1
akash,2024-05-04 15:29:31.637898,1
akash,2024-05-04 15:29:32.837433,1
akash,2024-05-04 15:29:33.338148,1
akash,2024-05-04 15:29:33.827336,1
akash,2024-05-04 15:29:34.331016,1
akash,2024-05-04 15:29:34.762533,1
akash,2024-05-04 15:29:35.143222,1
akash,2024-05-04 15:29:35.670900,1
akash,2024-05-04 15:29:36.133700,1
akash,2024-05-04 15:29:55.411132,1
akash,2024-05-04 15:29:55.729977,1
akash,2024-05-04 15:29:56.009106,1
akash,2024-05-04 15:29:56.306264,1
akash,2024-05-04 15:29:56.595839,1
akash,2024-05-04 15:29:57.162656,1
akash,2024-05-04 15:29:57.440120,1
akash,2024-05-04 15:29:57.807498,1
akash,2024-05-04 15:29:58.371724,1
akash,2024-05-04 15:29:58.658544,1
akash,2024-05-04 15:35:00.096457,1
akash,2024-05-04 15:35:00.409686,1
akash,2024-05-04 15:35:02.181774,1
akash,2024-05-04 15:35:02.668416,1
akash,2024-05-04 15:35:03.252673,1
akash,2024-05-04 15:35:03.687674,1
akash,2024-05-04 15:35:04.199571,1
akash,2024-05-04 15:35:04.977919,1
akash,2024-05-04 15:35:05.410408,1
akash,2024-05-04 15:35:05.864106,1
akash,2024-05-04 15:35:06.278659,1
akash,2024-05-04 15:35:06.953015,1
akash,2024-05-04 15:35:07.398045,1
akash,2024-05-04 15:35:07.891620,1
akash,2024-05-04 15:35:08.304968,1
akash,2024-05-04 15:35:08.664298,1
akash,2024-05-04 15:35:09.223043,1
akash,2024-05-04 15:35:09.692127,1
akash,2024-05-04 15:35:10.190406,1
akash,2024-05-04 15:35:10.541087,1
akash,2024-05-04 15:35:11.013142,1
akash,2024-05-04 15:35:11.399317,1
akash,2024-05-04 15:35:11.836368,1
akash,2024-05-04 15:35:12.304329,1
akash,2024-05-04 15:35:12.749657,1
akash,2024-05-04 15:35:13.224977,1
akash,2024-05-04 15:35:13.606159,1
akash,2024-05-04 15:35:14.038665,1
akash,2024-05-04 15:35:14.464201,1
akash,2024-05-04 15:35:14.893882,1
akash,2024-05-04 15:35:15.444079,1
akash,2024-05-04 15:35:15.867485,1
akash,2024-05-04 15:35:16.322736,1
akash,2024-05-04 15:35:16.796170,1
akash,2024-05-04 15:35:17.267542,1
akash,2024-05-04 15:35:18.095085,1
akash,2024-05-04 15:35:18.573920,1
akash,2024-05-04 15:35:19.356376,1
akash,2024-05-04 15:35:20.249700,1
agney,2024-05-04 15:35:20.729890,1
akash,2024-05-04 16:30:25.175831,1
akash,2024-05-04 16:30:25.545008,1
akash,2024-05-04 16:30:25.826174,1
akash,2024-05-04 16:30:26.092067,1
akash,2024-05-04 16:30:27.038249,1
akash,2024-05-04 16:30:27.304302,1
akash,2024-05-04 16:30:27.625681,1
akash,2024-05-04 16:30:27.998633,1
akash,2024-05-04 16:30:28.278575,1
akash,2024-05-04 16:30:28.589987,1
akash,2024-05-04 16:30:29.225367,1
akash,2024-05-04 16:30:51.650703,1
akash,2024-05-04 16:30:52.199330,1
akash,2024-05-04 16:50:39.582617,1
akash,2024-05-04 16:50:40.110638,1
akash,2024-05-04 16:50:40.619557,1
akash,2024-05-04 16:50:41.405930,1
akash,2024-05-04 16:50:42.414953,1
akash,2024-05-04 16:50:43.386884,1
akash,2024-05-04 16:50:44.193865,1
akash,2024-05-04 16:50:45.292114,1
akash,2024-05-04 16:50:46.389253,1
akash,2024-05-04 16:50:47.630138,1
akash,2024-05-04 16:50:48.785022,1
akash,2024-05-04 16:50:49.650000,1
akash,2024-05-04 16:50:50.531264,1
akash,2024-05-04 16:50:51.568096,1
akash,2024-05-04 16:50:52.732206,1
akash,2024-05-04 16:50:54.321023,1
akash,2024-05-04 16:50:55.969156,1
akash,2024-05-04 16:50:57.229745,1
akash,2024-05-04 16:50:58.512198,1
akash,2024-05-04 16:51:00.072549,1
akash,2024-05-04 16:51:01.467030,1
akash,2024-05-04 16:51:02.690808,1
akash,2024-05-04 16:51:03.811368,1
akash,2024-05-04 16:51:05.157910,1
akash,2024-05-04 16:51:06.593639,1
akash,2024-05-04 16:51:08.028319,1
akash,2024-05-04 16:51:09.935327,1
akash,2024-05-04 16:51:11.334500,1
akash,2024-05-04 16:52:27.327938,1
akash,2024-05-04 16:52:27.639469,1
akash,2024-05-04 16:52:27.910973,1
akash,2024-05-04 16:52:28.195464,1
akash,2024-05-04 16:52:28.487464,1
akash,2024-05-04 16:52:28.782576,1
akash,2024-05-04 16:52:29.046206,1
agney,2024-05-04 16:52:29.326955,1
akash,2024-05-04 16:52:29.589746,1
agney,2024-05-04 16:52:29.916404,1
akash,2024-05-04 16:52:30.198494,1
akash,2024-05-04 16:52:30.681440,1
akash,2024-05-04 16:52:31.222960,1
akash,2024-05-04 16:52:31.758824,1
akash,2024-05-04 16:52:32.275548,1
akash,2024-05-04 16:52:32.807408,1
akash,2024-05-04 16:52:33.300999,1
akash,2024-05-04 16:52:33.774081,1
akash,2024-05-04 16:52:34.275147,1
akash,2024-05-04 17:09:29.408411,1
agney,2024-05-04 17:09:31.635330,1
akash,2024-05-04 17:09:34.527288,1
akash,2024-05-04 17:09:35.811375,1
akash,2024-05-04 17:09:36.756406,1
akash,2024-05-04 17:09:37.825407,1
shizin,2024-05-04 17:09:38.750205,1
akash,2024-05-04 17:09:40.596451,1
akash,2024-05-04 17:09:41.722841,1
shizin,2024-05-04 17:09:42.821894,1
akash,2024-05-04 20:37:41.603221,1
akash,2024-05-04 20:37:43.517041,1
akash,2024-05-04 20:37:44.835010,1
akash,2024-05-04 20:37:46.199718,1
akash,2024-05-04 20:37:48.602516,1
akash,2024-05-04 20:37:49.983755,1
akash,2024-05-04 20:37:51.253079,1
akash,2024-05-04 20:37:53.606176,1
akash,2024-05-04 20:37:57.207645,1
agney,2024-05-05 11:26:51.763817,1
akash,2024-05-05 11:26:55.283873,1
akash,2024-05-05 11:27:05.054991,1
akash,2024-05-05 11:27:08.322227,1
akash,2024-05-05 11:27:11.569831,1
akash,2024-05-05 11:27:14.809156,1
akash,2024-05-05 11:27:24.399258,1
akash,2024-05-05 11:27:27.643435,1
akash,2024-05-05 11:27:34.853815,1
agney,2024-05-05 20:41:49.633237,1
agney,2024-05-05 20:41:50.439402,1
agney,2024-05-05 20:41:50.894822,1
alen,2024-05-05 20:41:52.782286,1
akash,2024-05-05 20:41:53.229378,1
akash,2024-05-05 20:41:53.626480,1
akash,2024-05-05 20:41:54.036640,1
agney,2024-05-05 20:41:54.491881,1
akash,2024-05-05 20:41:54.914984,1
akash,2024-05-05 20:41:55.346327,1
akash,2024-05-05 20:41:55.770361,1
agney,2024-05-05 20:41:56.148455,1
akash,2024-05-05 20:41:56.581492,1
akash,2024-05-05 20:41:57.025106,1
akash,2024-05-05 20:41:57.497175,1
akash,2024-05-05 20:41:57.946996,1
akash,2024-05-05 20:41:58.391419,1
akash,2024-05-05 20:41:58.792244,1
akash,2024-05-05 20:41:59.174666,1
akash,2024-05-05 20:42:00.004503,1
akash,2024-05-05 20:42:00.469045,1
agney,2024-05-05 20:42:00.870824,1
akash,2024-05-05 20:42:01.269203,1
akash,2024-05-05 20:42:01.683807,1
akash,2024-05-05 20:42:02.130019,1
akash,2024-05-05 20:42:02.563830,1
akash,2024-05-05 20:42:03.012100,1
akash,2024-05-05 20:42:03.502759,1
akash,2024-05-05 20:42:03.953141,1
akash,2024-05-05 20:42:04.418245,1
akash,2024-05-05 20:42:04.891556,1
akash,2024-05-05 20:42:05.326889,1
akash,2024-05-05 20:42:05.821514,1
akash,2024-05-05 20:42:06.261695,1
akash,2024-05-05 20:42:06.705272,1
akash,2024-05-05 20:42:07.105327,1
akash,2024-05-05 20:42:07.505474,1
akash,2024-05-05 20:42:07.918781,1
akash,2024-05-05 20:42:08.313558,1
akash,2024-05-05 20:42:08.755512,1
akash,2024-05-05 20:42:09.149572,1
akash,2024-05-05 20:42:09.510121,1
akash,2024-05-05 20:42:09.825312,1
akash,2024-05-05 20:42:10.150841,1
akash,2024-05-05 20:42:10.508163,1
akash,2024-05-05 20:42:10.872347,1
akash,2024-05-05 20:42:11.323878,1
akash,2024-05-05 20:42:11.751057,1
akash,2024-05-05 20:42:12.169868,1
akash,2024-05-05 20:42:12.566647,1
akash,2024-05-05 20:42:12.973008,1
akash,2024-05-05 20:42:13.370315,1
akash,2024-05-05 20:42:13.770725,1
akash,2024-05-05 20:42:14.189504,1
akash,2024-05-05 20:42:14.628381,1
akash,2024-05-05 20:42:15.061087,1
agney,2024-05-05 20:42:16.088080,1
akash,2024-05-05 20:42:17.775878,1
akash,2024-05-05 20:42:18.182565,1
akash,2024-05-05 20:42:18.643479,1
agney,2024-05-05 20:42:19.022094,1
akash,2024-05-05 20:42:19.440021,1
akash,2024-05-05 20:42:19.827437,1
akash,2024-05-05 20:42:20.204082,1
akash,2024-05-05 20:42:20.632644,1
akash,2024-05-05 20:42:21.068348,1
agney,2024-05-05 20:42:24.291933,1
agney,2024-05-05 20:42:24.696930,1
alen,2024-05-05 20:42:25.129744,1
agney,2024-05-05 20:42:25.525741,1
agney,2024-05-05 20:42:25.930170,1
akash,2024-05-05 20:42:26.371155,1
akash,2024-05-05 20:42:26.748432,1
agney,2024-05-05 20:42:27.135333,1
akash,2024-05-05 20:42:27.526836,1
akash,2024-05-05 20:42:27.940283,1
agney,2024-05-05 20:42:28.303356,1
akash,2024-05-05 20:42:28.636345,1
akash,2024-05-05 20:42:29.025933,1
akash,2024-05-05 20:42:30.008270,1
akash,2024-05-05 20:42:31.703853,1
akash,2024-05-05 20:42:32.148591,1
akash,2024-05-05 20:42:32.551663,1
akash,2024-05-05 20:42:33.594847,1
akash,2024-05-05 20:42:34.008499,1
akash,2024-05-05 20:42:34.447560,1
akash,2024-05-05 20:42:34.850249,1
akash,2024-05-05 20:42:35.279283,1
akash,2024-05-05 20:42:35.692058,1
akash,2024-05-05 20:42:36.124781,1
akash,2024-05-05 20:42:36.499676,1
akash,2024-05-05 20:42:36.918639,1
akash,2024-05-05 20:42:37.358107,1
akash,2024-05-05 20:42:37.794712,1
akash,2024-05-05 20:42:38.181606,1
akash,2024-05-05 20:42:38.556113,1
akash,2024-05-05 20:42:40.780740,1
akash,2024-05-05 20:42:41.129754,1
akash,2024-05-05 20:42:41.580955,1
akash,2024-05-05 20:42:41.961916,1
akash,2024-05-05 20:42:42.381926,1
akash,2024-05-05 20:42:42.781725,1
akash,2024-05-05 20:42:43.234534,1
akash,2024-05-05 20:42:43.659138,1
akash,2024-05-05 20:42:44.082863,1
akash,2024-05-05 20:42:44.506823,1
akash,2024-05-05 20:42:44.909843,1
akash,2024-05-05 20:42:45.301598,1
akash,2024-05-05 20:42:45.710293,1
akash,2024-05-05 20:42:46.126052,1
akash,2024-05-05 20:42:46.839469,1
akash,2024-05-05 20:42:47.210241,1
akash,2024-05-05 20:42:47.635594,1
akash,2024-05-05 20:42:48.027320,1
akash,2024-05-05 20:42:48.448514,1
akash,2024-05-05 20:42:48.865892,1
akash,2024-05-05 20:42:49.225687,1
akash,2024-05-05 20:42:49.646329,1
akash,2024-05-05 20:42:50.039482,1
akash,2024-05-05 20:42:50.444244,1
akash,2024-05-05 20:42:50.861321,1
akash,2024-05-05 20:42:51.567531,1
akash,2024-05-05 20:42:52.867061,1
akash,2024-05-05 20:42:53.293679,1
akash,2024-05-05 20:42:54.409904,1
agney,2024-05-05 20:55:07.041387,1
alen,2024-05-05 20:55:08.111534,1
alen,2024-05-05 20:55:08.516513,1
agney,2024-05-05 20:55:09.790668,1
agney,2024-05-05 20:55:10.200790,1
agney,2024-05-05 20:55:10.605025,1
agney,2024-05-05 20:55:11.010355,1
akash,2024-05-05 20:55:11.485710,1
akash,2024-05-05 20:55:11.910384,1
alen,2024-05-05 20:55:12.343020,1
agney,2024-05-05 20:55:12.765274,1
agney,2024-05-05 20:55:13.210570,1
agney,2024-05-05 20:55:13.634040,1
agney,2024-05-05 20:55:14.032886,1
alen,2024-05-05 20:55:14.466763,1
agney,2024-05-05 20:55:14.929672,1
akash,2024-05-05 20:55:15.410516,1
akash,2024-05-05 20:55:15.849160,1
akash,2024-05-05 20:55:16.345332,1
akash,2024-05-05 20:55:16.748867,1
akash,2024-05-05 20:55:17.147364,1
akash,2024-05-05 20:55:17.551547,1
akash,2024-05-05 20:55:18.001789,1
akash,2024-05-05 20:55:18.385102,1
akash,2024-05-05 20:55:18.770032,1
akash,2024-05-05 20:55:19.167942,1
akash,2024-05-05 20:55:19.529626,1
akash,2024-05-05 20:55:19.998601,1
akash,2024-05-05 20:55:20.461065,1
akash,2024-05-05 20:55:20.882668,1
akash,2024-05-05 20:55:21.290331,1
alen,2024-05-05 21:06:56.367865,1
akash,2024-05-05 21:06:57.918931,1
agney,2024-05-05 21:06:58.318512,1
agney,2024-05-05 21:06:58.639533,1
akash,2024-05-05 21:06:58.998207,1
akash,2024-05-05 21:06:59.401617,1
agney,2024-05-05 21:06:59.803490,1
akash,2024-05-05 21:07:00.197685,1
akash,2024-05-05 21:07:00.631614,1
akash,2024-05-05 21:07:00.984912,1
akash,2024-05-05 21:07:01.398921,1
akash,2024-05-05 21:07:01.800790,1
akash,2024-05-05 21:07:02.144016,1
agney,2024-05-05 21:07:03.866299,1
akash,2024-05-05 21:07:04.535278,1
akash,2024-05-05 21:07:04.921217,1
akash,2024-05-05 21:07:05.361013,1
akash,2024-05-05 21:07:05.726403,1
akash,2024-05-05 21:07:06.092599,1
akash,2024-05-05 21:07:06.454888,1
akash,2024-05-05 21:07:06.832812,1
akash,2024-05-05 21:07:07.189390,1
akash,2024-05-05 21:07:07.513724,1
akash,2024-05-05 21:07:07.832841,1
akash,2024-05-05 21:07:08.107824,1
akash,2024-05-05 21:07:09.015676,1
akash,2024-05-05 21:07:10.202701,1
akash,2024-05-05 21:07:12.744781,1
akash,2024-05-05 21:07:13.134281,1
akash,2024-05-05 21:07:13.510588,1
akash,2024-05-05 21:07:13.859271,1
akash,2024-05-05 21:07:14.225025,1
akash,2024-05-05 21:07:14.577230,1
akash,2024-05-05 21:07:14.946550,1
akash,2024-05-05 21:07:15.303039,1
akash,2024-05-05 21:07:15.687576,1
akash,2024-05-05 21:07:16.040572,1
akash,2024-05-05 21:07:16.393771,1
akash,2024-05-05 21:07:16.752617,1
akash,2024-05-05 21:07:17.078261,1
alen,2024-05-05 21:07:17.442857,1
akash,2024-05-05 21:07:17.829923,1
akash,2024-05-05 21:07:18.199994,1
akash,2024-05-05 21:07:18.581452,1
alen,2024-05-05 21:07:18.958280,1
alen,2024-05-05 21:07:28.707543,1
alen,2024-05-05 21:07:29.077960,1
alen,2024-05-05 21:07:29.451846,1
alen,2024-05-05 21:07:29.811636,1
alen,2024-05-05 21:07:30.167961,1
alen,2024-05-05 21:07:30.506572,1
agney,2024-05-05 21:07:31.100439,1
agney,2024-05-05 21:07:31.507301,1
akash,2024-05-05 21:07:31.891957,1
akash,2024-05-05 21:07:32.243885,1
akash,2024-05-05 21:07:32.613593,1
akash,2024-05-05 21:07:32.950989,1
akash,2024-05-05 21:07:38.024757,1
akash,2024-05-05 21:07:38.361828,1
akash,2024-05-05 21:07:38.737902,1
akash,2024-05-05 21:07:39.194602,1
akash,2024-05-05 21:07:39.610830,1
akash,2024-05-05 21:07:40.825065,1
akash,2024-05-05 21:07:41.469741,1
akash,2024-05-05 21:07:41.869036,1
akash,2024-05-05 21:07:42.202753,1
akash,2024-05-05 21:07:42.508569,1
akash,2024-05-05 21:07:42.881543,1
akash,2024-05-05 21:07:43.155457,1
akash,2024-05-05 21:07:43.437322,1
akash,2024-05-05 21:07:43.785600,1
akash,2024-05-05 21:07:44.087046,1
akash,2024-05-05 21:07:44.369533,1
akash,2024-05-05 21:07:44.636090,1
akash,2024-05-05 21:07:44.905236,1
akash,2024-05-05 21:07:45.234919,1
agney,2024-05-05 21:07:47.527483,1
akash,2024-05-05 21:07:48.162425,1
akash,2024-05-05 21:07:48.535214,1
akash,2024-05-05 21:07:48.910433,1
akash,2024-05-05 21:07:49.225150,1
akash,2024-05-05 21:07:49.572596,1
akash,2024-05-05 21:07:49.942898,1
akash,2024-05-05 21:07:50.311360,1
akash,2024-05-05 21:07:56.821813,1
akash,2024-05-05 21:07:58.672024,1
akash,2024-05-05 21:07:59.002424,1
akash,2024-05-05 21:07:59.365678,1
akash,2024-05-05 21:07:59.722473,1
akash,2024-05-05 21:08:00.073161,1
akash,2024-05-05 21:08:00.908137,1
akash,2024-05-05 21:08:01.301326,1
akash,2024-05-05 21:08:03.000682,1
alen,2024-05-05 21:08:05.515899,1
alen,2024-05-05 21:08:05.898394,1
akash,2024-05-05 21:08:06.267911,1
akash,2024-05-05 21:08:06.628568,1
akash,2024-05-05 21:08:07.006376,1
agney,2024-05-05 21:08:07.384756,1
akash,2024-05-05 21:08:10.324833,1
akash,2024-05-05 21:08:10.675766,1
akash,2024-05-05 21:08:11.307781,1
akash,2024-05-05 21:08:11.662697,1
akash,2024-05-05 21:08:12.077947,1
akash,2024-05-05 21:08:12.465556,1
akash,2024-05-05 21:08:12.834472,1
akash,2024-05-05 21:08:13.214462,1
akash,2024-05-05 21:08:13.615211,1
akash,2024-05-05 21:08:14.063801,1
akash,2024-05-05 21:08:14.469911,1
akash,2024-05-05 21:08:14.868262,1
akash,2024-05-05 21:08:15.215889,1
akash,2024-05-05 21:08:15.621150,1
akash,2024-05-05 21:08:15.991331,1
akash,2024-05-05 21:08:16.291410,1
akash,2024-05-05 21:08:16.644914,1
akash,2024-05-05 21:08:17.023576,1
akash,2024-05-05 21:08:17.426414,1
akash,2024-05-05 21:08:17.820356,1
akash,2024-05-05 21:08:18.174371,1
akash,2024-05-05 21:08:18.542998,1
akash,2024-05-05 21:08:18.868364,1
akash,2024-05-05 21:08:19.201549,1
akash,2024-05-05 21:08:19.524081,1
akash,2024-05-05 21:08:19.856677,1
agney,2024-05-05 21:08:20.171086,1
agney,2024-05-05 21:08:20.501120,1
akash,2024-05-05 21:08:20.904485,1
akash,2024-05-05 21:52:33.697007,1
akash,2024-05-05 21:52:35.459480,1
akash,2024-05-05 21:52:36.972449,1
akash,2024-05-05 21:52:37.355399,1
akash,2024-05-05 21:52:37.709230,1
akash,2024-05-05 21:52:38.090818,1
shizin,2024-05-05 21:52:38.427781,1
agney,2024-05-05 21:52:38.842771,1
agney,2024-05-05 21:52:39.238956,1
akash,2024-05-05 21:52:39.607050,1
akash,2024-05-05 21:52:39.939916,1
akash,2024-05-05 21:52:40.306022,1
akash,2024-05-05 21:52:40.655790,1
akash,2024-05-05 21:52:40.972249,1
akash,2024-05-05 21:52:41.356331,1
akash,2024-05-05 21:52:41.715145,1
akash,2024-05-05 21:52:42.082962,1
akash,2024-05-05 21:52:42.479024,1
akash,2024-05-05 21:52:43.214239,1
akash,2024-05-05 21:52:43.656513,1
akash,2024-05-05 21:52:44.117237,1
akash,2024-05-05 21:52:44.564387,1
akash,2024-05-05 21:52:44.958233,1
akash,2024-05-05 21:52:45.349592,1
akash,2024-05-05 21:52:45.740691,1
akash,2024-05-05 21:52:46.155479,1
akash,2024-05-05 21:52:46.504740,1
akash,2024-05-05 21:52:46.837489,1
agney,2024-05-05 21:52:47.184220,1
akash,2024-05-05 21:52:48.068053,1
akash,2024-05-05 21:52:48.466030,1
akash,2024-05-05 21:52:48.781827,1
akash,2024-05-05 21:52:49.156896,1
akash,2024-05-05 21:52:49.500158,1
akash,2024-05-05 21:52:49.863080,1
akash,2024-05-05 21:52:50.243696,1
akash,2024-05-05 21:52:50.588890,1
akash,2024-05-05 21:52:50.954008,1
akash,2024-05-05 21:52:51.319464,1
akash,2024-05-05 21:52:51.705003,1
akash,2024-05-05 21:52:52.038906,1
akash,2024-05-05 21:52:52.369828,1
akash,2024-05-05 21:52:52.719678,1
akash,2024-05-05 21:52:53.063116,1
akash,2024-05-05 21:52:53.413471,1
akash,2024-05-05 21:52:53.772832,1
akash,2024-05-05 21:52:54.135328,1
akash,2024-05-05 21:52:54.515760,1
akash,2024-05-05 21:52:54.918705,1
akash,2024-05-05 21:52:55.291335,1
akash,2024-05-05 21:52:55.649460,1
akash,2024-05-05 21:52:55.928428,1
akash,2024-05-05 21:52:56.242549,1
akash,2024-05-05 21:52:56.626620,1
akash,2024-05-05 21:52:57.015532,1
akash,2024-05-05 21:52:57.350785,1
shizin,2024-05-05 21:52:57.703154,1
akash,2024-05-05 21:52:58.041546,1
akash,2024-05-05 21:52:58.402281,1
akash,2024-05-05 21:52:58.682789,1
akash,2024-05-05 21:52:58.970756,1
akash,2024-05-05 21:52:59.324286,1
akash,2024-05-05 21:52:59.703713,1
akash,2024-05-05 21:53:00.042257,1
akash,2024-05-05 21:53:00.373899,1
akash,2024-05-05 21:53:00.738933,1
akash,2024-05-05 21:53:01.090848,1
akash,2024-05-05 21:53:01.438137,1
akash,2024-05-05 21:53:01.772026,1
akash,2024-05-05 21:53:02.087180,1
akash,2024-05-05 21:53:02.420063,1
akash,2024-05-05 21:53:02.768944,1
akash,2024-05-05 21:53:03.117134,1
akash,2024-05-05 21:53:03.429746,1
akash,2024-05-05 21:53:03.738276,1
akash,2024-05-05 21:53:04.086355,1
akash,2024-05-05 21:53:04.470606,1
akash,2024-05-05 21:53:04.867473,1
akash,2024-05-05 21:53:05.257289,1
akash,2024-05-05 21:53:05.588724,1
akash,2024-05-05 21:53:05.879103,1
akash,2024-05-05 21:53:07.284941,1
akash,2024-05-05 21:53:07.664995,1
akash,2024-05-05 21:53:08.014739,1
akash,2024-05-05 21:53:08.378327,1
akash,2024-05-05 21:54:05.654687,1
agney,2024-05-05 21:54:06.088441,1
akash,2024-05-05 21:54:06.456924,1
agney,2024-05-05 21:54:06.821790,1
agney,2024-05-05 21:54:07.206252,1
agney,2024-05-05 21:54:07.505278,1
agney,2024-05-05 21:54:07.820331,1
agney,2024-05-05 21:54:08.227326,1
agney,2024-05-05 21:54:08.609015,1
agney,2024-05-05 21:54:08.991547,1
agney,2024-05-05 21:54:09.360907,1
agney,2024-05-05 21:54:09.748087,1
akash,2024-05-05 21:54:10.170696,1
akash,2024-05-05 21:54:10.508575,1
akash,2024-05-05 21:54:10.855716,1
akash,2024-05-05 21:54:11.189353,1
akash,2024-05-05 21:54:11.571881,1
akash,2024-05-05 21:54:11.903562,1
agney,2024-05-05 21:54:12.236840,1
akash,2024-05-05 21:54:12.585243,1
akash,2024-05-05 21:54:12.982797,1
akash,2024-05-05 21:54:13.373509,1
akash,2024-05-05 21:54:13.801954,1
akash,2024-05-05 21:54:14.286676,1
akash,2024-05-05 21:54:15.230860,1
akash,2024-05-05 21:54:15.604023,1
akash,2024-05-05 21:54:16.004907,1
akash,2024-05-05 21:54:16.419330,1
akash,2024-05-05 21:54:16.822636,1
agney,2024-05-05 21:54:17.189927,1
akash,2024-05-05 21:54:17.587713,1
akash,2024-05-05 21:54:17.973733,1
akash,2024-05-05 21:54:18.375562,1
akash,2024-05-05 21:54:18.743144,1
akash,2024-05-05 21:54:19.098674,1
akash,2024-05-05 21:54:19.466366,1
agney,2024-05-05 21:54:19.820284,1
akash,2024-05-05 21:54:20.225191,1
akash,2024-05-05 21:54:20.610978,1
akash,2024-05-05 21:54:21.009481,1
akash,2024-05-05 21:54:21.363616,1
agney,2024-05-05 21:54:22.992246,1
akash,2024-05-05 21:54:23.339464,1
akash,2024-05-05 21:54:23.692656,1
akash,2024-05-05 21:54:24.071657,1
akash,2024-05-05 21:54:24.484659,1
akash,2024-05-05 21:54:24.903435,1
akash,2024-05-05 21:54:25.271313,1
akash,2024-05-05 21:54:25.619651,1
akash,2024-05-05 21:54:25.992923,1
akash,2024-05-05 21:54:26.345264,1
akash,2024-05-05 21:54:26.789358,1
akash,2024-05-05 21:54:27.191034,1
akash,2024-05-05 21:54:27.604977,1
akash,2024-05-05 21:54:27.926092,1
akash,2024-05-05 21:54:28.275981,1
agney,2024-05-05 21:54:28.608090,1
akash,2024-05-05 21:54:28.993532,1
akash,2024-05-05 21:54:29.698886,1
alen,2024-05-05 21:54:30.103314,1
akash,2024-05-05 21:54:31.271994,1
akash,2024-05-05 21:54:31.676466,1
akash,2024-05-05 21:54:32.064220,1
akash,2024-05-05 21:54:32.716807,1
akash,2024-05-05 21:54:33.065246,1
akash,2024-05-05 21:54:33.443328,1
akash,2024-05-05 21:54:33.828916,1
akash,2024-05-05 21:54:34.184228,1
akash,2024-05-05 21:54:34.541784,1
akash,2024-05-05 21:54:34.905373,1
akash,2024-05-05 21:54:35.244742,1
akash,2024-05-05 21:54:35.545607,1
akash,2024-05-05 21:54:35.924224,1
akash,2024-05-05 21:54:36.308046,1
akash,2024-05-05 21:54:36.680627,1
akash,2024-05-05 21:54:37.065561,1
akash,2024-05-05 21:54:37.452176,1
akash,2024-05-05 21:54:37.807577,1
akash,2024-05-05 21:54:38.189749,1
akash,2024-05-05 21:54:38.545636,1
akash,2024-05-05 21:54:38.890969,1
akash,2024-05-05 21:54:39.283248,1
akash,2024-05-05 21:54:39.697533,1
akash,2024-05-05 21:54:40.083537,1
akash,2024-05-05 21:54:40.450582,1
akash,2024-05-05 21:54:40.804655,1
akash,2024-05-05 21:54:41.168903,1
akash,2024-05-05 21:55:20.732690,1
akash,2024-05-05 21:55:21.161108,1
akash,2024-05-05 21:55:21.543002,1
agney,2024-05-05 21:55:21.938081,1
agney,2024-05-05 21:55:22.606041,1
agney,2024-05-05 21:55:22.973209,1
agney,2024-05-05 21:55:23.335047,1
agney,2024-05-05 21:55:23.662363,1
akash,2024-05-05 21:55:24.022830,1
agney,2024-05-05 21:55:24.353583,1
agney,2024-05-05 21:55:24.748266,1
akash,2024-05-05 21:55:25.137050,1
agney,2024-05-05 21:55:25.517736,1
agney,2024-05-05 21:55:25.881282,1
agney,2024-05-05 21:55:26.277988,1
akash,2024-05-05 21:55:28.989401,1
akash,2024-05-05 21:55:30.580845,1
akash,2024-05-05 21:55:30.928423,1
agney,2024-05-05 21:55:31.292643,1
akash,2024-05-05 21:55:31.665086,1
akash,2024-05-05 21:55:32.024424,1
akash,2024-05-05 21:55:32.326251,1
akash,2024-05-05 21:55:32.704154,1
akash,2024-05-05 21:55:33.053606,1
akash,2024-05-05 21:55:33.435053,1
akash,2024-05-05 21:55:33.774758,1
agney,2024-05-05 21:55:34.187317,1
akash,2024-05-05 21:55:34.545360,1
akash,2024-05-05 21:55:34.902013,1
akash,2024-05-05 21:55:35.252291,1
akash,2024-05-05 21:55:35.553004,1
akash,2024-05-05 21:55:35.900333,1
akash,2024-05-05 21:55:36.271272,1
akash,2024-05-05 21:55:36.631516,1
akash,2024-05-05 21:55:36.976951,1
akash,2024-05-05 21:55:37.325632,1
akash,2024-05-05 21:55:37.671251,1
akash,2024-05-05 21:55:38.016690,1
akash,2024-05-05 21:55:38.650662,1
akash,2024-05-05 21:55:38.970233,1
akash,2024-05-05 21:55:39.350390,1
akash,2024-05-05 21:55:39.732519,1
akash,2024-05-05 21:55:40.084667,1
akash,2024-05-05 21:55:40.455362,1
akash,2024-05-05 21:55:40.804065,1
akash,2024-05-05 21:55:41.130775,1
akash,2024-05-05 21:55:41.492088,1
agney,2024-05-05 21:55:41.859799,1
akash,2024-05-05 21:55:42.287456,1
akash,2024-05-05 21:55:42.639394,1
akash,2024-05-05 21:55:42.959819,1
akash,2024-05-05 21:55:43.251935,1
akash,2024-05-05 21:55:43.592408,1
akash,2024-05-05 21:55:43.923603,1
akash,2024-05-05 21:55:44.260019,1
akash,2024-05-05 21:55:44.657891,1
akash,2024-05-05 21:55:45.010159,1
akash,2024-05-05 21:55:45.388084,1
agney,2024-05-05 21:55:45.764504,1
akash,2024-05-05 21:55:46.140141,1
akash,2024-05-05 21:55:46.513270,1
akash,2024-05-05 21:55:46.818931,1
akash,2024-05-05 21:55:47.189501,1
agney,2024-05-05 21:55:47.527283,1
akash,2024-05-05 21:55:47.889113,1
akash,2024-05-05 21:55:48.224766,1
akash,2024-05-05 21:55:48.598504,1
agney,2024-05-05 21:55:48.993767,1
akash,2024-05-05 21:55:49.383081,1
akash,2024-05-05 21:55:49.768414,1
akash,2024-05-05 21:55:50.172142,1
akash,2024-05-05 21:55:51.260850,1
akash,2024-05-05 21:55:51.624354,1
agney,2024-05-05 21:55:51.993931,1
akash,2024-05-05 21:55:52.365476,1
agney,2024-05-05 21:55:52.735320,1
agney,2024-05-05 21:55:54.128593,1
alen,2024-05-05 21:55:54.243496,1
agney,2024-05-05 21:55:54.627231,1
agney,2024-05-05 21:55:55.003707,1
agney,2024-05-05 21:55:55.409298,1
agney,2024-05-05 21:55:56.050565,1
agney,2024-05-05 21:55:56.447057,1
agney,2024-05-05 21:55:56.802968,1
akash,2024-05-05 21:55:57.168956,1
agney,2024-05-05 21:55:57.536773,1
akash,2024-05-05 21:55:57.907089,1
agney,2024-05-05 21:55:58.263217,1
agney,2024-05-05 21:55:58.611609,1
agney,2024-05-05 21:55:58.983302,1
agney,2024-05-05 21:55:59.331332,1
agney,2024-05-05 21:55:59.648388,1
akash,2024-05-05 21:56:00.013004,1
akash,2024-05-05 21:56:00.278814,1
agney,2024-05-05 21:56:00.736016,1
akash,2024-05-05 21:56:01.097171,1
akash,2024-05-05 21:56:01.478064,1
agney,2024-05-05 21:56:01.833071,1
akash,2024-05-05 21:56:02.170833,1
akash,2024-05-05 21:56:02.541244,1
akash,2024-05-05 21:56:02.926724,1
agney,2024-05-05 21:56:03.232679,1
agney,2024-05-05 21:56:03.594721,1
agney,2024-05-05 21:56:03.956897,1
akash,2024-05-05 21:56:04.320339,1
akash,2024-05-05 21:56:04.740983,1
akash,2024-05-05 21:56:05.134875,1
akash,2024-05-05 21:56:05.523777,1
akash,2024-05-05 21:56:05.893758,1
akash,2024-05-05 21:56:06.249438,1
akash,2024-05-05 21:56:06.586440,1
akash,2024-05-05 21:56:06.923663,1
akash,2024-05-05 21:56:07.241445,1
akash,2024-05-05 21:56:07.573221,1
akash,2024-05-05 21:56:07.933734,1
akash,2024-05-05 21:56:08.249166,1
akash,2024-05-05 21:56:08.580560,1
akash,2024-05-05 21:56:08.929165,1
akash,2024-05-05 21:56:09.324444,1
akash,2024-05-05 21:56:09.689150,1
akash,2024-05-05 21:56:09.997771,1
akash,2024-05-05 21:56:10.381911,1
akash,2024-05-05 21:56:10.752423,1
akash,2024-05-05 21:56:11.069901,1
akash,2024-05-05 21:56:11.432909,1
akash,2024-05-05 21:56:11.815625,1
akash,2024-05-05 21:56:12.186735,1
akash,2024-05-05 21:56:12.507717,1
akash,2024-05-05 21:56:12.840194,1
akash,2024-05-05 21:56:13.189375,1
akash,2024-05-05 21:56:13.554070,1
akash,2024-05-05 21:56:13.911342,1
akash,2024-05-05 21:56:14.314180,1
akash,2024-05-05 21:56:14.696125,1
akash,2024-05-05 21:56:15.088379,1
agney,2024-05-05 21:56:15.426073,1
alen,2024-05-05 21:56:17.335352,1
alen,2024-05-05 21:56:17.671637,1
akash,2024-05-05 22:00:25.441700,1
agney,2024-05-05 22:00:26.982098,1
akash,2024-05-05 22:00:29.877233,1
akash,2024-05-05 22:00:30.966424,1
alen,2024-05-05 22:00:31.703850,1
akash,2024-05-05 22:00:32.671368,1
akash,2024-05-05 22:00:33.038237,1
akash,2024-05-05 22:00:33.387271,1
akash,2024-05-05 22:00:33.742032,1
akash,2024-05-05 22:00:34.107078,1
akash,2024-05-05 22:00:34.467441,1
agney,2024-05-05 22:00:34.849183,1
akash,2024-05-05 22:00:35.199546,1
akash,2024-05-05 22:00:35.581266,1
akash,2024-05-05 22:00:35.946914,1
akash,2024-05-05 22:00:36.296042,1
alen,2024-05-05 22:00:39.101586,1
akash,2024-05-05 22:00:40.204555,1
agney,2024-05-05 22:00:41.445838,1
agney,2024-05-05 22:00:42.210444,1
akash,2024-05-05 22:00:42.959627,1
akash,2024-05-05 22:00:43.680331,1
akash,2024-05-05 22:00:44.687416,1
akash,2024-05-05 22:00:45.554108,1
akash,2024-05-05 22:00:47.116107,1
akash,2024-05-05 22:00:48.042731,1
akash,2024-05-05 22:00:48.837041,1
akash,2024-05-05 22:00:49.714086,1
akash,2024-05-05 22:00:50.725103,1
akash,2024-05-05 22:00:52.102956,1
akash,2024-05-05 22:00:52.965609,1
akash,2024-05-05 22:00:53.864606,1
akash,2024-05-05 22:00:54.529317,1
akash,2024-05-05 22:00:57.565235,1
akash,2024-05-05 22:00:58.538932,1
shizin,2024-05-05 22:01:00.489924,1
akash,2024-05-05 22:01:01.334595,1
akash,2024-05-05 22:01:01.701974,1
shizin,2024-05-05 22:01:02.126796,1
akash,2024-05-05 22:01:02.533014,1
shizin,2024-05-05 22:01:02.887592,1
akash,2024-05-05 22:01:03.365434,1
akash,2024-05-05 22:01:03.827452,1
akash,2024-05-05 22:01:04.201619,1
akash,2024-05-05 22:01:04.556345,1
agney,2024-05-05 22:01:05.423563,1
akash,2024-05-05 22:01:05.800970,1
akash,2024-05-05 22:01:06.158408,1
alen,2024-05-05 22:01:06.520809,1
akash,2024-05-05 22:01:09.345961,1
akash,2024-05-05 22:01:09.719926,1
akash,2024-05-05 22:01:10.157259,1
akash,2024-05-05 22:01:10.546945,1
akash,2024-05-05 22:01:10.967410,1
akash,2024-05-05 22:01:11.308748,1
alen,2024-05-05 22:01:11.922074,1
akash,2024-05-05 22:01:13.761161,1
akash,2024-05-05 22:01:14.104285,1
akash,2024-05-05 22:01:14.545639,1
alen,2024-05-05 22:01:15.439322,1
akash,2024-05-05 22:01:51.295244,1
akash,2024-05-05 22:01:52.327852,1
akash,2024-05-05 22:01:53.543718,1
akash,2024-05-05 22:01:54.452753,1
akash,2024-05-05 22:01:57.329343,1
akash,2024-05-05 22:02:00.190737,1
akash,2024-05-05 22:02:01.562193,1
alen,2024-05-05 22:02:02.903454,1
akash,2024-05-05 22:02:03.895754,1
agney,2024-05-05 22:02:04.693697,1
akash,2024-05-05 22:02:05.591199,1
akash,2024-05-05 22:02:06.522567,1
akash,2024-05-05 22:02:07.245248,1
akash,2024-05-05 22:02:07.899338,1
akash,2024-05-05 22:02:08.966060,1
akash,2024-05-05 22:02:09.599416,1
akash,2024-05-05 22:02:10.507686,1
akash,2024-05-05 22:02:11.410893,1
akash,2024-05-05 22:02:12.054756,1
akash,2024-05-05 22:02:12.781904,1
akash,2024-05-05 22:02:13.905302,1
akash,2024-05-05 22:02:14.632927,1
akash,2024-05-05 22:02:15.506463,1
akash,2024-05-05 22:02:16.705456,1
akash,2024-05-05 22:02:17.544556,1
akash,2024-05-05 22:02:18.587134,1
akash,2024-05-05 22:02:19.257618,1
akash,2024-05-05 22:02:19.788888,1
akash,2024-05-05 22:02:20.522495,1
akash,2024-05-05 22:02:21.388766,1
akash,2024-05-05 22:02:22.203993,1
akash,2024-05-05 22:02:22.832864,1
shizin,2024-05-05 22:02:23.565456,1
akash,2024-05-05 22:02:24.546596,1
akash,2024-05-05 22:02:25.645154,1
akash,2024-05-05 22:02:26.455806,1
akash,2024-05-05 22:02:27.072645,1
akash,2024-05-05 22:02:27.777539,1
akash,2024-05-05 22:02:28.401222,1
akash,2024-05-05 22:02:29.320970,1
akash,2024-05-05 22:02:30.317110,1
akash,2024-05-05 22:02:31.161269,1
akash,2024-05-05 22:02:31.958358,1
akash,2024-05-05 22:02:32.819677,1
akash,2024-05-05 22:02:33.687230,1
akash,2024-05-05 22:02:34.353155,1
akash,2024-05-05 22:02:35.426489,1
akash,2024-05-05 22:02:36.088580,1
akash,2024-05-05 22:02:37.147061,1
akash,2024-05-05 22:02:38.042750,1
akash,2024-05-05 22:02:38.847446,1
akash,2024-05-05 22:02:39.450564,1
agney,2024-05-05 22:02:40.090249,1
akash,2024-05-05 22:02:41.795580,1
akash,2024-05-05 22:02:42.402186,1
akash,2024-05-05 22:02:43.130202,1
akash,2024-05-05 22:02:43.863137,1
akash,2024-05-05 22:02:44.633726,1
akash,2024-05-05 22:02:45.392769,1
akash,2024-05-05 22:02:46.109328,1
akash,2024-05-05 22:02:46.972820,1
akash,2024-05-05 22:02:47.669404,1
akash,2024-05-05 22:02:48.662716,1
akash,2024-05-05 22:02:49.497377,1
akash,2024-05-05 22:02:50.546849,1
akash,2024-05-05 22:02:51.402954,1
akash,2024-05-05 22:02:52.072065,1
akash,2024-05-05 22:02:52.905654,1
akash,2024-05-05 22:02:53.824338,1
akash,2024-05-05 22:02:55.000971,1
akash,2024-05-05 22:02:55.643709,1
akash,2024-05-05 22:02:57.082589,1
akash,2024-05-05 22:02:58.227521,1
akash,2024-05-05 22:02:59.030816,1
akash,2024-05-05 22:03:00.489196,1
akash,2024-05-05 22:03:01.854396,1
shizin,2024-05-05 22:03:02.982078,1
shizin,2024-05-05 22:03:03.665624,1
akash,2024-05-05 22:03:04.761179,1
akash,2024-05-05 22:03:05.448255,1
akash,2024-05-05 22:03:06.455658,1
shizin,2024-05-05 22:03:07.464375,1
akash,2024-05-05 22:04:12.088842,1
akash,2024-05-05 22:04:12.483583,1
akash,2024-05-05 22:04:12.848444,1
akash,2024-05-05 22:04:13.202393,1
akash,2024-05-05 22:04:13.618400,1
akash,2024-05-05 22:04:13.999819,1
akash,2024-05-05 22:04:14.345185,1
akash,2024-05-05 22:04:14.681706,1
akash,2024-05-05 22:04:15.029549,1
akash,2024-05-05 22:04:15.411699,1
agney,2024-05-05 22:04:15.729784,1
akash,2024-05-05 22:04:16.112600,1
akash,2024-05-05 22:04:16.439982,1
akash,2024-05-05 22:04:16.774417,1
akash,2024-05-05 22:04:17.115420,1
akash,2024-05-05 22:04:17.463064,1
akash,2024-05-05 22:04:17.796326,1
akash,2024-05-05 22:04:18.138288,1
alen,2024-05-05 22:04:18.524207,1
akash,2024-05-05 22:04:18.860341,1
akash,2024-05-05 22:04:19.175165,1
akash,2024-05-05 22:04:19.525281,1
akash,2024-05-05 22:04:19.857850,1
akash,2024-05-05 22:04:20.190264,1
akash,2024-05-05 22:04:20.543635,1
akash,2024-05-05 22:04:20.881008,1
akash,2024-05-05 22:04:21.211540,1
akash,2024-05-05 22:04:21.544113,1
akash,2024-05-05 22:04:21.919846,1
akash,2024-05-05 22:04:22.314684,1
akash,2024-05-05 22:04:22.650773,1
agney,2024-05-05 22:04:22.983288,1
akash,2024-05-05 22:04:23.327859,1
akash,2024-05-05 22:04:23.660403,1
akash,2024-05-05 22:04:24.041122,1
akash,2024-05-05 22:04:24.400450,1
akash,2024-05-05 22:04:24.744745,1
akash,2024-05-05 22:04:25.084749,1
akash,2024-05-05 22:04:25.409775,1
akash,2024-05-05 22:04:25.751325,1
akash,2024-05-05 22:04:26.082290,1
akash,2024-05-05 22:04:26.407268,1
akash,2024-05-05 22:04:26.758617,1
akash,2024-05-05 22:04:27.122958,1
akash,2024-05-05 22:04:27.460435,1
akash,2024-05-05 22:04:27.783498,1
akash,2024-05-05 22:04:28.102845,1
akash,2024-05-05 22:04:28.418551,1
akash,2024-05-05 22:04:28.958790,1
akash,2024-05-05 22:04:29.276249,1
agney,2024-05-05 22:04:29.590588,1
akash,2024-05-05 22:04:29.919385,1
akash,2024-05-05 22:04:30.264295,1
akash,2024-05-05 22:04:30.598715,1
shizin,2024-05-05 22:04:30.929246,1
agney,2024-05-05 22:04:31.244899,1
agney,2024-05-05 22:04:31.577547,1
agney,2024-05-05 22:04:31.894161,1
akash,2024-05-05 22:04:32.250499,1
akash,2024-05-05 22:04:32.597189,1
akash,2024-05-05 22:04:32.930167,1
akash,2024-05-05 22:04:33.268920,1
akash,2024-05-05 22:04:33.656970,1
akash,2024-05-05 22:04:34.055137,1
akash,2024-05-05 22:04:34.404497,1
akash,2024-05-05 22:05:07.086684,1
agney,2024-05-05 22:05:08.367873,1
akash,2024-05-05 22:05:09.330610,1
akash,2024-05-05 22:05:10.678802,1
akash,2024-05-05 22:05:11.558727,1
alen,2024-05-05 22:05:12.214516,1
akash,2024-05-05 22:05:12.964148,1
akash,2024-05-05 22:05:13.822961,1
akash,2024-05-05 22:05:14.650567,1
akash,2024-05-05 22:05:15.366647,1
akash,2024-05-05 22:05:16.015527,1
akash,2024-05-05 22:05:16.802756,1
akash,2024-05-05 22:05:17.562046,1
akash,2024-05-05 22:05:18.376085,1
akash,2024-05-05 22:05:19.117495,1
akash,2024-05-05 22:05:20.097726,1
akash,2024-05-05 22:05:20.741145,1
akash,2024-05-05 22:05:21.504230,1
akash,2024-05-05 22:05:22.156342,1
akash,2024-05-05 22:05:23.347577,1
akash,2024-05-05 22:05:24.123207,1
akash,2024-05-05 22:05:25.079124,1
akash,2024-05-05 22:05:25.907340,1
akash,2024-05-05 22:05:26.603825,1
akash,2024-05-05 22:05:27.253048,1
akash,2024-05-05 22:05:28.188187,1
akash,2024-05-05 22:05:29.082651,1
akash,2024-05-05 22:05:29.946167,1
akash,2024-05-05 22:05:30.931470,1
akash,2024-05-05 22:08:04.519672,1
akash,2024-05-05 22:08:06.729953,1
akash,2024-05-05 22:08:08.430934,1
akash,2024-05-05 22:08:08.727077,1
agney,2024-05-05 22:08:09.042820,1
alen,2024-05-05 22:08:09.370337,1
agney,2024-05-05 22:08:09.702284,1
akash,2024-05-05 22:08:10.035098,1
akash,2024-05-05 22:08:10.367854,1
akash,2024-05-05 22:08:10.723237,1
akash,2024-05-05 22:08:11.050035,1
akash,2024-05-05 22:08:11.378436,1
akash,2024-05-05 22:08:11.713023,1
akash,2024-05-05 22:08:12.069362,1
akash,2024-05-05 22:08:12.412381,1
akash,2024-05-05 22:08:12.756275,1
akash,2024-05-05 22:08:13.117256,1
akash,2024-05-05 22:08:13.433405,1
akash,2024-05-05 22:08:13.757857,1
akash,2024-05-05 22:08:14.079585,1
akash,2024-05-05 22:08:14.430013,1
akash,2024-05-05 22:08:14.755496,1
akash,2024-05-05 22:08:15.100982,1
akash,2024-05-05 22:08:15.443740,1
akash,2024-05-05 22:08:15.765549,1
akash,2024-05-05 22:08:16.102326,1
akash,2024-05-05 22:08:16.441701,1
akash,2024-05-05 22:08:16.767105,1
akash,2024-05-05 22:08:17.149639,1
akash,2024-05-05 22:08:17.494649,1
akash,2024-05-05 22:08:17.819826,1
akash,2024-05-05 22:08:18.197643,1
akash,2024-05-05 22:08:18.512499,1
akash,2024-05-05 22:08:18.844989,1
akash,2024-05-05 22:08:19.189001,1
akash,2024-05-05 22:08:19.509991,1
akash,2024-05-05 22:08:19.829166,1
akash,2024-05-05 22:08:20.192614,1
akash,2024-05-05 22:08:20.507474,1
akash,2024-05-05 22:08:20.829114,1
akash,2024-05-05 22:08:21.156236,1
akash,2024-05-05 22:08:21.496189,1
akash,2024-05-05 22:08:21.821158,1
akash,2024-05-05 22:08:22.140778,1
agney,2024-05-05 22:08:22.465316,1
akash,2024-05-05 22:08:23.422124,1
agney,2024-05-05 22:08:23.737466,1
akash,2024-05-05 22:08:24.049617,1
alen,2024-05-05 22:08:24.382282,1
alen,2024-05-05 22:08:24.704407,1
agney,2024-05-05 22:08:25.026596,1
akash,2024-05-05 22:08:25.345599,1
akash,2024-05-05 22:08:25.665465,1
alen,2024-05-05 22:08:25.978111,1
akash,2024-05-05 22:08:26.999214,1
agney,2024-05-05 22:08:27.308091,1
akash,2024-05-05 22:08:28.157036,1
akash,2024-05-05 22:08:28.713536,1
akash,2024-05-05 22:08:29.036111,1
akash,2024-05-05 22:08:29.347736,1
akash,2024-05-05 22:08:29.705897,1
akash,2024-05-05 22:08:31.542377,1
akash,2024-05-05 22:08:31.867579,1
akash,2024-05-05 22:08:32.214598,1
shizin,2024-05-05 22:08:32.524944,1
akash,2024-05-05 22:08:32.843314,1
akash,2024-05-05 22:08:33.201900,1
akash,2024-05-05 22:08:33.571986,1
akash,2024-05-05 22:08:33.911512,1
akash,2024-05-05 22:08:34.261059,1
akash,2024-05-05 22:08:34.613740,1
shizin,2024-05-05 22:08:35.014460,1
shizin,2024-05-05 22:08:35.360837,1
akash,2024-05-06 11:15:42.467790,1
akash,2024-05-06 11:15:42.872791,1
akash,2024-05-06 11:15:43.182087,1
akash,2024-05-06 11:15:43.512309,1
akash,2024-05-06 11:15:43.809302,1
akash,2024-05-06 11:15:44.115092,1
akash,2024-05-06 11:15:44.433793,1
akash,2024-05-06 11:15:44.912998,1
akash,2024-05-06 11:15:45.416745,1
akash,2024-05-06 11:15:45.949358,1
akash,2024-05-06 11:15:46.485285,1
akash,2024-05-06 11:15:46.817455,1
akash,2024-05-06 11:15:47.183706,1
akash,2024-05-06 11:15:47.679150,1
akash,2024-05-06 11:15:48.167482,1
akash,2024-05-06 11:15:48.601146,1
akash,2024-05-06 11:15:49.068827,1
akash,2024-05-06 11:15:49.487669,1
akash,2024-05-06 11:15:49.932923,1
akash,2024-05-06 11:15:50.359805,1
akash,2024-05-06 11:15:50.853543,1
akash,2024-05-06 11:15:51.370290,1
akash,2024-05-06 11:15:51.768255,1
akash,2024-05-06 11:15:52.235292,1
akash,2024-05-06 11:15:52.683453,1
akash,2024-05-06 11:15:53.251497,1
akash,2024-05-06 11:15:53.743513,1
akash,2024-05-06 11:15:54.279772,1
akash,2024-05-06 11:15:54.689151,1
akash,2024-05-06 11:15:55.152426,1
akash,2024-05-06 14:40:24.027487,1
akash,2024-05-06 14:40:24.384415,1
shizin,2024-05-06 14:40:24.690715,1
akash,2024-05-06 14:40:24.997898,1
akash,2024-05-06 14:40:25.319302,1
akash,2024-05-06 14:40:25.629797,1
akash,2024-05-06 14:40:26.169386,1
akash,2024-05-06 14:40:27.504480,1
akash,2024-05-06 14:40:28.105775,1
akash,2024-05-06 14:40:28.698088,1
akash,2024-05-06 14:40:29.270713,1
akash,2024-05-06 14:40:29.798595,1
akash,2024-05-06 14:40:30.388196,1
akash,2024-05-06 14:40:30.816357,1
akash,2024-05-06 14:40:31.340952,1
akash,2024-05-06 14:40:31.786857,1
akash,2024-05-06 14:40:32.288431,1
akash,2024-05-06 14:40:33.165333,1
akash,2024-05-06 14:40:33.567273,1
akash,2024-05-06 14:40:34.019055,1
akash,2024-05-06 14:40:34.523267,1
shizin,2024-05-06 14:40:34.937496,1
akash,2024-05-06 14:40:35.404506,1
akash,2024-05-06 14:40:35.888237,1
akash,2024-05-06 14:40:36.403138,1
akash,2024-05-06 14:40:36.945729,1
akash,2024-05-06 14:40:37.509109,1
akash,2024-05-06 14:40:38.068072,1
akash,2024-05-06 14:40:38.612376,1
akash,2024-05-06 14:40:39.149155,1
akash,2024-05-06 14:40:39.562418,1
akash,2024-05-06 14:40:40.058099,1
akash,2024-05-06 14:40:40.625909,1
akash,2024-05-06 14:40:41.166425,1
akash,2024-05-06 14:40:41.718959,1
akash,2024-05-06 14:40:42.216163,1
akash,2024-05-06 14:40:42.593526,1
akash,2024-05-06 14:40:43.014763,1
akash,2024-05-06 14:40:43.613418,1
akash,2024-05-06 14:40:44.895620,1
akash,2024-05-06 14:40:45.409523,1
akash,2024-05-06 14:40:45.808913,1
akash,2024-05-06 14:40:46.319059,1
akash,2024-05-06 14:40:46.723521,1
akash,2024-05-06 14:40:47.217159,1
akash,2024-05-06 14:40:47.733986,1
akash,2024-05-06 14:40:48.182048,1
akash,2024-05-06 14:40:48.705610,1
akash,2024-05-06 14:40:49.234369,1
akash,2024-05-06 14:40:49.723671,1
akash,2024-05-06 14:40:50.250350,1
akash,2024-05-06 14:40:50.769684,1
akash,2024-05-06 14:40:51.302877,1
akash,2024-05-06 14:40:51.803247,1
akash,2024-05-06 14:40:52.310539,1
akash,2024-05-06 14:40:52.825883,1
akash,2024-05-06 14:40:53.332283,1
akash,2024-05-06 14:40:54.261345,1
akash,2024-05-06 14:40:55.103406,1
akash,2024-05-06 14:40:55.652774,1
akash,2024-05-06 14:40:56.189288,1
akash,2024-05-06 14:40:56.737618,1
akash,2024-05-06 14:40:57.226422,1
akash,2024-05-06 14:40:57.692672,1
akash,2024-05-06 14:40:58.192598,1
akash,2024-05-06 14:40:58.691982,1
alen,2024-05-06 14:52:35.085106,1
akash,2024-05-06 14:52:35.598518,1
agney,2024-05-06 14:52:36.418188,1
akash,2024-05-06 14:52:36.923727,1
akash,2024-05-06 14:52:37.411732,1
agney,2024-05-06 14:52:37.851502,1
akash,2024-05-06 14:52:38.336914,1
akash,2024-05-06 14:52:38.804936,1
akash,2024-05-06 14:52:39.293661,1
akash,2024-05-06 14:52:39.840460,1
akash,2024-05-06 14:52:40.643509,1
akash,2024-05-06 14:52:41.043065,1
akash,2024-05-06 14:52:41.496044,1
akash,2024-05-06 14:52:42.022573,1
akash,2024-05-06 14:52:42.527930,1
akash,2024-05-06 14:52:42.994998,1
akash,2024-05-06 14:52:43.420872,1
akash,2024-05-06 14:52:43.797686,1
akash,2024-05-06 14:52:44.211972,1
akash,2024-05-06 14:52:44.725166,1
akash,2024-05-06 14:52:45.195173,1
akash,2024-05-06 14:52:45.722551,1
akash,2024-05-06 14:52:46.101085,1
akash,2024-05-06 14:52:46.494387,1
akash,2024-05-06 14:52:47.036821,1
akash,2024-05-06 14:52:47.551156,1
akash,2024-05-06 14:52:48.112200,1
akash,2024-05-06 14:52:49.510798,1
alen,2024-05-06 14:52:51.437522,1
alen,2024-05-06 14:52:51.962298,1
alen,2024-05-06 14:52:52.368438,1
akash,2024-05-06 14:52:52.863233,1
akash,2024-05-06 14:52:53.366640,1
akash,2024-05-06 14:52:53.791075,1
akash,2024-05-06 14:52:54.249123,1
akash,2024-05-06 14:52:54.566180,1
akash,2024-05-06 14:52:54.870563,1
akash,2024-05-06 14:52:55.184081,1
akash,2024-05-06 14:52:55.556696,1
akash,2024-05-06 14:52:55.969963,1
akash,2024-05-06 14:52:56.348861,1
akash,2024-05-06 14:52:56.743236,1
akash,2024-05-06 14:52:57.266325,1
akash,2024-05-06 14:52:57.699764,1
akash,2024-05-06 14:52:58.090055,1
akash,2024-05-06 14:52:58.523182,1
akash,2024-05-06 14:52:58.890577,1
